,created_at,id,text
0,Fri May 01 15:52:16 +0000 2020,1256250091905732609,RT @ContractPharma: .@moderna_tx and @LonzaGroup entered a 10-year strategic collaboration for large scale manufacture of Moderna‚Äôs mRNA #v‚Ä¶
1,Fri May 01 16:26:00 +0000 2020,1256258582439440391,. @moderna_tx Taps @LonzaGroup to Scale Up Manufacturing of #COVID19 Vaccine: https://t.co/apZjyKeyhz https://t.co/J3l5g2PWyP
2,Fri May 01 16:38:18 +0000 2020,1256261677609365504,"Shark tank for vaccines!?!? 

(Shock confession: I've never seen Shark Tank)

Interesting article on a vaccine for‚Ä¶ https://t.co/DQ8mXM47KT"
3,Fri May 01 17:28:41 +0000 2020,1256274354834415618,"https://t.co/aD8iT9NELy
@moderna_tx 
Moderna‚Äôs Work on a Potential Vaccine Against #COVID__19"
4,Fri May 01 18:10:56 +0000 2020,1256284987780890627,@Commonman2k1 @moderna_tx @ckknaturals @isatyagrahaa @MKumaramangalam Ah yes. That's promising https://t.co/JTy7BcJ4kp
5,Fri May 01 18:18:34 +0000 2020,1256286909870993408,"@ClentonQuiling @moderna_tx Polio vaccine, flu vaccine, victory vaccine.  When speaking of vaccines the disease you‚Ä¶ https://t.co/rRLJvy76qn"
6,Fri May 01 18:22:45 +0000 2020,1256287963975159814,"Latest updates on #coronavirus include:

‚úÖ @LonzaGroup of Portsmouth is teaming up with @moderna_tx for a potential‚Ä¶ https://t.co/h27LnO0Pjm"
7,Fri May 01 19:19:29 +0000 2020,1256302237841752066,RT @GENbio: . @moderna_tx Taps @LonzaGroup to Scale Up Manufacturing of #COVID19 Vaccine: https://t.co/apZjyKeyhz https://t.co/J3l5g2PWyP
8,Fri May 01 19:21:52 +0000 2020,1256302837530873863,"RT @nhpr: Latest updates on #coronavirus include:

‚úÖ @LonzaGroup of Portsmouth is teaming up with @moderna_tx for a potential vaccine again‚Ä¶"
9,Fri May 01 20:55:05 +0000 2020,1256326296134541312,. @moderna_tx accelerates manufacturing capacity for its #COVID19 vaccine candidate mRNA-1273 and additional future‚Ä¶ https://t.co/mYeH4PpzF5
10,Fri May 01 21:12:07 +0000 2020,1256330583094857728,RT @GENbio: . @moderna_tx accelerates manufacturing capacity for its #COVID19 vaccine candidate mRNA-1273 and additional future products th‚Ä¶
11,Sat May 02 14:59:42 +0000 2020,1256599250680582144,This video report contains a clip of a man who was injected with the @moderna_tx experimental RNA vaccine against c‚Ä¶ https://t.co/V5GjWCW9f2
12,Sat May 02 15:56:28 +0000 2020,1256613534869458944,"... 2/2 and the catch: it would be the first of its kind ""building your computer system and your first piece of sof‚Ä¶ https://t.co/HWmb05WXYM"
13,Sat May 02 16:55:53 +0000 2020,1256628491161911297,@moderna_tx Hello- has your covid vaccine candidate shown significant efficacy in animals? If so - can you elaborate? Thanks! And good luck!
14,Sat May 02 18:05:06 +0000 2020,1256645908093177856,@moderna_tx is working hard to create a #COVID19 vaccine and make it widely available. Did you know that Moderna wa‚Ä¶ https://t.co/tcNy14BnBQ
15,Sat May 02 19:19:48 +0000 2020,1256664705055195139,@AngeloBonelli1 @Marya1__ @william820621 @moderna_tx It‚Äôs partially addressed here: https://t.co/NNeB2vrWH3
16,Sat May 02 21:13:38 +0000 2020,1256693354110345217,RT @oukwuani: This video report contains a clip of a man who was injected with the @moderna_tx experimental RNA vaccine against coronavirus‚Ä¶
17,Sun May 03 04:10:49 +0000 2020,1256798340911636480,"why should univ endowments be uniquely suited to act countercyclically? I mean, correct me if @Yale's endowment is‚Ä¶ https://t.co/3dJProrrcv"
18,Sun May 03 10:10:25 +0000 2020,1256888837965479937,"RT @ichaydon: I've been admitted into the 1st COVID-19 vaccine trial. 

I'm grateful for my health. For the 1000s of scientists who brought‚Ä¶"
19,Sun May 03 17:22:55 +0000 2020,1256997678161985550,Moderna aims for a billion COVID-19 shots a year with swiss group Lonza manufacturing tie-up. Moderna hopes to begi‚Ä¶ https://t.co/fBuC0Yy2jx
20,Sun May 03 18:37:43 +0000 2020,1257016503926472704,"RT @GreenIvyPSS: @GreenIvyPSS students spoke with @ichaydon, who is 1/45 people in the world trialing @moderna_tx's Experimental #COVID #Va‚Ä¶"
21,Sun May 03 20:25:03 +0000 2020,1257043515546177536,. @moderna_tx Taps @LonzaGroup to Scale Up Manufacturing of #COVID19 Vaccine: https://t.co/apZjyKeyhz https://t.co/QgZGgLZk6b
22,Sun May 03 20:35:51 +0000 2020,1257046234805800965,RT @chaitali_abp: Moderna aims for a billion COVID-19 shots a year with swiss group Lonza manufacturing tie-up. Moderna hopes to begin batc‚Ä¶
23,Mon May 04 00:15:00 +0000 2020,1257101384933130244,"@Yamiche @esaagar Maybe provide some context.  @moderna_tx is already progressing in human trials of their vaccine,‚Ä¶ https://t.co/Y3bJYXcbtw"
24,Mon May 04 11:34:18 +0000 2020,1257272337050763265,"US taxpayers are heavily funding COVID vaccine research.
o Half billion each to @moderna_tx &amp; @JNJNews
o Virtually‚Ä¶ https://t.co/WqnabP8vJ8"
25,Mon May 04 14:19:11 +0000 2020,1257313831086252034,RT @GENbio: . @moderna_tx Taps @LonzaGroup to Scale Up Manufacturing of #COVID19 Vaccine: https://t.co/apZjyKeyhz https://t.co/QgZGgLZk6b
26,Mon May 04 21:50:50 +0000 2020,1257427491221901324,Biotech company @moderna_tx and contract development and manufacturing organization (#CDMO) @LonzaGroup have announ‚Ä¶ https://t.co/li22tkC8N4
27,Tue May 05 02:24:10 +0000 2020,1257496279812378624,"RT @DavidP4AD: US taxpayers are heavily funding COVID vaccine research.
o Half billion each to @moderna_tx &amp; @JNJNews
o Virtually all fundi‚Ä¶"
28,Tue May 05 07:49:52 +0000 2020,1257578241579200512,RT @AaronJDy: Biotech company @moderna_tx and contract development and manufacturing organization (#CDMO) @LonzaGroup have announced a long‚Ä¶
29,Tue May 05 09:31:10 +0000 2020,1257603737364901888,"Now the amazing @azeem from @ExponentialView
 who mentioned @moderna_tx and their COVID vaccine progress and global‚Ä¶ https://t.co/iUoxTkQjUW"
30,Wed May 06 15:08:03 +0000 2020,1258050903938076677,.@moderna_tx taps @LonzaGroup to scale up #manufacturing of COVID-19 #vaccine: https://t.co/wImCW6caZl‚Ä¶ https://t.co/I8Omv4WszU
31,Wed May 06 20:12:09 +0000 2020,1258127433783488521,3Ô∏è‚É£ of our #COVID19 candidate vaccines have now entered clinical testing - @moderna_tx @InovioPharma and most recen‚Ä¶ https://t.co/lFRBEBhtkY
32,Wed May 06 23:42:02 +0000 2020,1258180252079140866,RT @CEPIvaccines: 3Ô∏è‚É£ of our #COVID19 candidate vaccines have now entered clinical testing - @moderna_tx @InovioPharma and most recently @u‚Ä¶
33,Thu May 07 17:15:15 +0000 2020,1258445301658128384,. @US_FDA Clears @moderna_tx Phase II Trial for #COVID19 #Vaccine Candidate: https://t.co/WaQjXnAzSi https://t.co/O5gJFe2oes
34,Thu May 07 17:36:03 +0000 2020,1258450537089032194,RT @neelbs: #Vaccine candidate mRNA-1273 for #COVID19 from @moderna_tx is the first to get approval from @US_FDA for human #phase2 trials.‚Ä¶
35,Thu May 07 18:46:00 +0000 2020,1258468140276682753,"Interfor‚Äôs Critical #COVID19 Updates ‚Äì May 7, 2020
Latest numbers (as of 9am est):
Total Reported Cases: 3,846,924‚Ä¶ https://t.co/9XWAI5pI1b"
36,Thu May 07 20:55:05 +0000 2020,1258500626398564353,. @moderna_tx receives @US_FDA clearance to advance its #COVID19 #vaccine candidate mRNA-1273 into a Phase II trial‚Ä¶ https://t.co/nZySbXIxxC
37,Thu May 07 22:15:18 +0000 2020,1258520812807581696,@richard_diggler @BosBizAllison @moderna_tx Moderna doesn't just do COVID vaccine. I think they have a lawsuit goin‚Ä¶ https://t.co/OlYdt9WiG7
38,Thu May 07 22:26:37 +0000 2020,1258523659288735746,"‚ÄúI only have two competitors, the virus and the clock‚Äù Dr. Tal Zaks @moderna_tx Chief Medical Officer tells‚Ä¶ https://t.co/1D58NSNEFp"
39,Thu May 07 22:38:37 +0000 2020,1258526680106201092,".@moderna_tx is discussing plans with @US_FDA for Phase 2 and late stage studies of its COVID-19 vaccine candidate,‚Ä¶ https://t.co/7w5759fpFb"
40,Thu May 07 22:49:07 +0000 2020,1258529321322377216,"Wise words below from #Pharmacist upon injecting #COVID19 #vaccine in üá∫üá∏ Phase I trial @moderna_tx

Hope to see üá∫üá∏‚Ä¶ https://t.co/T2MNOMPNfR"
41,Thu May 07 23:00:42 +0000 2020,1258532239479996416,"RT @ericMstrauss: ‚ÄúI only have two competitors, the virus and the clock‚Äù Dr. Tal Zaks @moderna_tx Chief Medical Officer tells @KayleeHartun‚Ä¶"
42,Thu May 07 23:40:02 +0000 2020,1258542137974505473,Moderna eyes 'early summer' start for phase 3 COVID-19 vaccine trial |@moderna_tx #covid19  https://t.co/FVOagLdCVT
43,Thu May 07 23:40:04 +0000 2020,1258542143250915329,Moderna eyes 'early summer' start for phase 3 COVID-19 vaccine trial |@moderna_tx #covid19  https://t.co/ubgkcW42Dl
44,Fri May 08 04:21:19 +0000 2020,1258612923867500548,Advancement of COVID-19 vaccine puts Moderna years ahead of growth plan #vaccines #coronavirus @moderna_tx‚Ä¶ https://t.co/cB2cb2vGHW
45,Fri May 08 04:28:57 +0000 2020,1258614843550171136,ThursdayRecap: @US_FDA Clears @moderna_tx Phase II Trial for #COVID19 #Vaccine Candidate. @GENbio: https://t.co/cJkUJUMfjK
46,Fri May 08 06:10:57 +0000 2020,1258640514955575297,RT @GENbio: . @US_FDA Clears @moderna_tx Phase II Trial for #COVID19 #Vaccine Candidate: https://t.co/WaQjXnAzSi https://t.co/O5gJFe2oes
47,Fri May 08 09:31:55 +0000 2020,1258691088170319872,RT @GENbio: . @moderna_tx receives @US_FDA clearance to advance its #COVID19 #vaccine candidate mRNA-1273 into a Phase II trial: https://t.‚Ä¶
48,Fri May 08 13:19:53 +0000 2020,1258748458384658433,"RT @Contagion_Live: .@moderna_tx is discussing plans with @US_FDA for Phase 2 and late stage studies of its COVID-19 vaccine candidate, mRN‚Ä¶"
49,Fri May 08 14:40:08 +0000 2020,1258768653509627904,This @FiercePharma article states that @moderna_tx has partnered with the federal government to create an mRNA-base‚Ä¶ https://t.co/ZP5XPRLEba
50,Fri May 08 14:49:57 +0000 2020,1258771122830618626,@RockefellerUniv Lifton thoughtful presentation:Promising vaccine studies by @UniofOxford &amp; @moderna_tx for‚Ä¶ https://t.co/uWewBa3ZbV
51,Fri May 08 16:33:16 +0000 2020,1258797124700889093,"On Thursday, @moderna_tx announced that the @US_FDA had cleared its application to proceed to a clinical trial invo‚Ä¶ https://t.co/T7NNVMyoCk"
52,Sat May 09 07:12:27 +0000 2020,1259018378187993089,RT @K_G_Andersen: The mRNA-1273 #COVID19 vaccine candidate from @moderna_tx has gotten the green light from @US_FDA to move to Phase II. No‚Ä¶
53,Sat May 09 08:59:22 +0000 2020,1259045285004640256,"@moderna_tx #COVID-19 #vaccine 'mRNA-1273' gets @US_FDA approval for phase 2 trial

https://t.co/3x6IJsdrjy"
54,Sat May 09 14:13:13 +0000 2020,1259124269071716353,"Latest on global search for #coronavirus vaccine: 
@moderna_tx set for Phase 2 trails for vaccine candidate mRNA-12‚Ä¶ https://t.co/BvdHS0JrEr"
55,Sat May 09 16:03:56 +0000 2020,1259152129262071808,. @moderna_tx Gets @US_FDA Green Light for #COVID19 Vaccine Phase II Trial: https://t.co/K6xvwcDsV6 https://t.co/0eeDlVoVBw
56,Sat May 09 18:51:19 +0000 2020,1259194252384321536,@i4dzn @K_G_Andersen @moderna_tx @US_FDA I would like to see anything you have on Moderna and how it operates. I am‚Ä¶ https://t.co/DN2FkRWO4l
57,Sun May 10 21:48:36 +0000 2020,1259601257183850496,"Not that you should be talking COVID-19 on #MothersDay , but if you do, here's a timely topic.‚Ä¶ https://t.co/MGXFOODB1p"
58,Sun May 10 22:26:04 +0000 2020,1259610687350996992,RT @ClinicalOMICs: . @moderna_tx Gets @US_FDA Green Light for #COVID19 Vaccine Phase II Trial: https://t.co/K6xvwcDsV6 https://t.co/PyQbkWM‚Ä¶
59,Mon May 11 01:04:42 +0000 2020,1259650606840586240,"Moderna Therapeutics is one of the most promising biotech stocks, not only for its COVID-19 vaccine work, but for i‚Ä¶ https://t.co/KR0SXMlyPE"
60,Mon May 11 02:20:27 +0000 2020,1259669669662859270,"RT @money36five: Moderna Therapeutics is one of the most promising biotech stocks, not only for its COVID-19 vaccine work, but for it's gro‚Ä¶"
61,Mon May 11 11:58:46 +0000 2020,1259815209310588928,"Senator casts doubts over US government #COVID-19 vaccine plans, as @moderna_tx suggests approval of front-runner i‚Ä¶ https://t.co/zSaKvdaNyD"
62,Mon May 11 13:10:06 +0000 2020,1259833158759038976,. @moderna_tx Gets @US_FDA Green Light for #COVID19 Vaccine Phase II Trial: https://t.co/K6xvwcDsV6 https://t.co/xvEgqWqUdJ
63,Mon May 11 15:25:22 +0000 2020,1259867200543997952,RT @GENbio: . @US_FDA Clears @moderna_tx Phase II Trial for #COVID19 #Vaccine Candidate: https://t.co/WaQjXnAzSi https://t.co/cr2cL8zDxM
64,Mon May 11 18:15:09 +0000 2020,1259909928183050243,". @moderna_tx, the first company to enter clinical trial with a potential vaccine, will now start Phase 2 of testin‚Ä¶ https://t.co/snhB230h0p"
65,Tue May 12 15:06:11 +0000 2020,1260224762674118656,.@US_FDA grants fast track designation to @moderna_tx's #coronavirus vaccine candidate mRNA-1273‚Ä¶ https://t.co/hmMvcmxMXS
66,Tue May 12 16:14:29 +0000 2020,1260241948239069184,"Utilizing this innovative protein messenger, @moderna_tx‚Äôs 800-member team is working around-the-clock ‚Äì even from‚Ä¶ https://t.co/6fSFXmTg2l"
67,Tue May 12 17:07:00 +0000 2020,1260255164440641536,".@moderna_tx gets FDA fast-track designation for #Covid19 vaccine, writes @biotechvisigoth  https://t.co/ruyzOojCyw $MRNA"
68,Tue May 12 20:00:00 +0000 2020,1260298703635709952,"#FDA Fast Tracks @moderna_tx mRNA-1273 #vaccine candidate vs SARS-CoV-2, currently in @NIAIDNews-led Ph1‚Ä¶ https://t.co/3znreXGuLC"
69,Tue May 12 23:22:00 +0000 2020,1260349536133931016,"RT @IAmBiotech: Utilizing this innovative protein messenger, @moderna_tx‚Äôs 800-member team is working around-the-clock ‚Äì even from home ‚Äì t‚Ä¶"
70,Wed May 13 00:11:00 +0000 2020,1260361867375108097,".@moderna_tx the first company to enter clinical trial with a potential vaccine, will now start Phase 2 of testing‚Ä¶ https://t.co/dvfK9U50DM"
71,Wed May 13 03:29:53 +0000 2020,1260411919640391680,"After positive results in Seattle, @moderna_tx gets ready for the next phases of clinical trials for #COVID19 vacci‚Ä¶ https://t.co/hChzqpgwy9"
72,Wed May 13 04:22:58 +0000 2020,1260425279543087105,"RT @b0yle: After positive results in Seattle, @moderna_tx gets ready for the next phases of clinical trials for #COVID19 vaccine - and thin‚Ä¶"
73,Wed May 13 13:32:18 +0000 2020,1260563521487724547,@Vipplav2 @sarahcpr @elonmusk Just did and was at a very big one only a few years ago when it was less than 200 emp‚Ä¶ https://t.co/1ZJa3bBtxQ
74,Wed May 13 14:01:49 +0000 2020,1260570949537202177,"Tomorrow, Dr. Tal Zaks of @moderna_tx will be presenting ‚ÄúModerna's Vaccine and Trial Efforts Against COVID-19.‚Äù Re‚Ä¶ https://t.co/e8jpz1tnVv"
75,Wed May 13 16:54:45 +0000 2020,1260614469648089091,"RT @Cass_Lee_BOS: .@moderna_tx the first company to enter clinical trial with a potential vaccine, will now start Phase 2 of testing on its‚Ä¶"
76,Wed May 13 17:51:08 +0000 2020,1260628660782014464,RT @jrkelly: Thrilled that @ginkgo is working with @moderna_tx to help optimize the manufacture of their COVID-19 vaccine candidate!! https‚Ä¶
77,Wed May 13 18:21:00 +0000 2020,1260636177369006081,.@moderna_tx nabs #FDA fast-track tag for its #COVID19 #vaccine https://t.co/Vdp05M9G53
78,Thu May 14 01:08:38 +0000 2020,1260738759374581762,"Science Updates ü¶†:  
- üßê Just because test positive doesn‚Äôt mean have antibodies- https://t.co/oQW8XtyFD8 
- üß™Vyria‚Ä¶ https://t.co/LDC16mKcdo"
79,Thu May 14 01:28:21 +0000 2020,1260743722280550403,"RT @VBKerry: Science Updates ü¶†:  
- üßê Just because test positive doesn‚Äôt mean have antibodies- https://t.co/oQW8XtyFD8 
- üß™Vyriad developin‚Ä¶"
80,Thu May 14 01:44:40 +0000 2020,1260747827807805440,"RT @TriLinkBioTech: Tomorrow, Dr. Tal Zaks of @moderna_tx will be presenting ‚ÄúModerna's Vaccine and Trial Efforts Against COVID-19.‚Äù Regist‚Ä¶"
81,Thu May 14 19:22:59 +0000 2020,1261014161917689857,Great article on the development of the @moderna_tx COVID-19 vaccine and the role my lab played in collaboration wi‚Ä¶ https://t.co/GjxXEn3THY
82,Thu May 14 21:50:29 +0000 2020,1261051280220393473,@jacques_nate Or did they release the Non-human primate results of their Covid vaccine and I missed it?‚Ä¶ https://t.co/O230n6sufk
83,Fri May 15 07:20:50 +0000 2020,1261194816320389120,Two companies racing for a vaccine tell us how close they are getting. @gavi @moderna_tx @JNJNews @wef #covid‚Ä¶ https://t.co/g9WSKrDgVW
84,Fri May 15 13:30:41 +0000 2020,1261287890690203653,Have you seen our Biotechnology: Beyond Imagination series? The first is a spotlight on @moderna_tx. Working with t‚Ä¶ https://t.co/xkjqKWQScK
85,Fri May 15 16:18:50 +0000 2020,1261330207610417154,RT @RobinPomeroyEd: Two companies racing for a vaccine tell us how close they are getting. @gavi @moderna_tx @JNJNews @wef #covid #WorldVsV‚Ä¶
86,Fri May 15 19:02:51 +0000 2020,1261371484968124418,ICYMI: former @GSK exec Moncef Slaoui has stepped down from @moderna_tx's board of directors to oversee the White H‚Ä¶ https://t.co/NDhbAmTDAJ
87,Sat May 16 05:24:18 +0000 2020,1261527877893455872,Trump‚Äôs Vaccine Czar Holds Millions in Stock Options at Company That Got Federal Funding for #COVID19 Work. Dr. Mon‚Ä¶ https://t.co/QmH1QuWMJy
88,Sat May 16 14:15:03 +0000 2020,1261661445630111745,".@moderna_tx the company furthest along in developing a #covid19 vaccine, will get an expedited review from @US_FDA‚Ä¶ https://t.co/oKuNVQYTwY"
89,Sun May 17 05:36:25 +0000 2020,1261893314741252096,@MariaBartiromo @SundayFutures @FoxNews @POTUS @realDonaldTrump @SenJohnKennedy @RepDougCollins @NYCMayor Can you a‚Ä¶ https://t.co/KLYA8xOt2n
90,Sun May 17 13:31:33 +0000 2020,1262012884449714176,Corruption at its worst. @realDonaldTrump @POTUS @FLOTUS @MELANIATRUMP @IvankaTrump @realDonaldTrump @moderna_tx‚Ä¶ https://t.co/kZcyDWnPEV
91,Tue May 19 20:42:34 +0000 2020,1262846129407963136,@moderna_tx CEO needs to be grilled by @SEC_Enforcement and the @FBI for his misleading statements yesterday regard‚Ä¶ https://t.co/QbtOOBOhOQ
92,Tue May 19 20:58:20 +0000 2020,1262850096812654599,"I don't want to crap on good news and I still think @moderna_tx's announcement counts as good news, but this is rea‚Ä¶ https://t.co/YgiGKjHARB"
93,Tue May 19 21:07:57 +0000 2020,1262852517936783360,RT @McLellan_Lab: Great article on the development of the @moderna_tx COVID-19 vaccine and the role my lab played in collaboration with Dr.‚Ä¶
94,Tue May 19 21:09:17 +0000 2020,1262852851027468289,RT @KizzyPhD: Our (co-inventors @McLellan_Lab) COVID-19 vaccine (spike delivered by @moderna_tx's mRNA) was just injected into the 1st huma‚Ä¶
95,Tue May 19 21:09:25 +0000 2020,1262852884971937793,RT @KizzyPhD: A second phase 1 clinical site has been added for our (@NIAIDNews @McLellan_Lab @moderna_tx) COVID-19 vaccine. Welcome to the‚Ä¶
96,Tue May 19 21:09:35 +0000 2020,1262852928202670080,"RT @KizzyPhD: ""(BARDA) will also support ü§ë @moderna_tx to get Phase 2 and 3 clinical trials of its COVID-19 vaccine (...) developed in part‚Ä¶"
97,Tue May 19 21:48:16 +0000 2020,1262862665178927104,"@moderna_tx #moderna_time_to_respond, @MoncefSlaoui_  @POTUS 
Can you pls release an explanation in response to rep‚Ä¶ https://t.co/MmBSfbwDwa"
98,Tue May 19 21:50:10 +0000 2020,1262863142960410625,@talmor_guy @thenomadJJE @HelenBranswell @moderna_tx I was mislead by an article who misconstrued his words. You ar‚Ä¶ https://t.co/LyVtyT9FSe
99,Tue May 19 21:50:27 +0000 2020,1262863212892086273,RT @MiddlesexGases: Check out the Phase 1 Data of @moderna_tx 's  SARS-CoV-2 vaccine.  We are happy to have a customer like this in the Mid‚Ä¶
100,Tue May 19 21:55:37 +0000 2020,1262864513126117377,RT @CBSThisMorning: U.S. biotech firm Moderna announced that the first 8 participants in the @NIH-led Phase 1 of its COVID-19 vaccine trial‚Ä¶
101,Tue May 19 22:00:36 +0000 2020,1262865769274236928,RT @helenbranswell: How much there-there was there in @moderna_tx's early readout from the Phase 1 of its #Covid19‚Ä¶ https://t.co/1ZGd6E5e18
102,Tue May 19 22:17:02 +0000 2020,1262869902005874690,RT @agbu: . @NoubarAfeyan leads @moderna_tx thru a #COVID_19 #vaccinecandidate w/ #immigrantresolve from #wartorn #Lebanon. In @FortuneMaga‚Ä¶
103,Tue May 19 23:03:08 +0000 2020,1262881505044561920,"RT @RLCscienceboss: Today, @moderna_tx became the first company to announce preliminary results from a #COVID19 vaccine trial. Under normal‚Ä¶"
104,Tue May 19 23:26:29 +0000 2020,1262887381906096131,"RT @moderna_tx: Accelerated research &amp; development timeline of our novel coronavirus (SARS-CoV-2 or COVID-19) #vaccine candidate, mRNA-1273‚Ä¶"
105,Tue May 19 23:30:02 +0000 2020,1262888272616763392,"RT @Bob_Wachter: 1/ Covid (@UCSF) Chronicles, Day 62

Today started as slow news day. Then it wasn‚Äôt, as @moderna_tx vaccine results hit. I‚Ä¶"
106,Tue May 19 23:45:24 +0000 2020,1262892141866635266,RT @HelenBranswell: There's a little bit of data out on @moderna_tx's #Covid19 candidate vaccine. Don't want to read too much into it but s‚Ä¶
107,Tue May 19 23:59:03 +0000 2020,1262895577244880896,RT @HelenBranswell: How much there-there was there in @moderna_tx's early readout from the Phase 1 of its #Covid19 vaccine? Not a ton. http‚Ä¶
108,Wed May 20 15:54:14 +0000 2020,1263135957148209152,@MariaBartiromo @MorningsMaria @FoxBusiness @InovioPharma @moderna_tx Here‚Äôs the publication by @NatureComms https://t.co/wpAh5enJlN
109,Wed May 20 16:17:00 +0000 2020,1263141684390572032,"Possible ""Early 2021"" #COVID19Vaccine
    
#Updated #BreakingNews

@MorganStanley sees a 65% probability of success‚Ä¶ https://t.co/4VaoSy15cb"
110,Wed May 20 16:29:14 +0000 2020,1263144764561637376,It‚Äôs too soon to assume success for Moderna‚Äôs COVID-19 vaccine: analyst | @moderna_tx #covid19 https://t.co/onrg1K6z6u
111,Wed May 20 16:29:33 +0000 2020,1263144843972358144,It‚Äôs too soon to assume success for Moderna‚Äôs COVID-19 vaccine: analyst | @moderna_tx #covid19 https://t.co/EyCdHVA8m9
112,Wed May 20 16:48:15 +0000 2020,1263149548375072769,.@moderna_tx said neutralising antibodies were found in the people who took part in their safety trials.And the imm‚Ä¶ https://t.co/TnSnTqWnlP
113,Wed May 20 16:58:12 +0000 2020,1263152055075639297,"RT @Tickermarket: @moderna_tx 's experimental #Covid_19 #vaccine , the first to be tested in US, produced protective antibodies in a group‚Ä¶"
114,Wed May 20 17:04:06 +0000 2020,1263153539188248580,"RT @cenmag: #ICYMI, on Monday @moderna_tx became the first company to announce preliminary results from a #COVID19 vaccine trial. https://t‚Ä¶"
115,Wed May 20 17:10:04 +0000 2020,1263155040480567297,"Can we agree to call it vaporware? @moderna_tx has yet to ship a single product...

https://t.co/7e4OC4iYZJ"
116,Wed May 20 17:21:09 +0000 2020,1263157829478817794,"RT @Revkin: ""This is not how you do science,"" indeed! https://t.co/ZoQkrb3Ilg This @moderna_tx saga needed a fat warning label from the sta‚Ä¶"
117,Wed May 20 17:30:20 +0000 2020,1263160138841706497,@MariaBartiromo @moderna_tx @MorningsMaria @FoxBusiness Be careful which vaccine you choose. Moderna is the company‚Ä¶ https://t.co/DXpbON56Tu
118,Wed May 20 17:49:07 +0000 2020,1263164866539466753,RT @able_indiabio: Moderna‚Äôs COVID-19 vaccine shows positive results in phase 1 clinical trials.   The interim results of @moderna_tx vacci‚Ä¶
119,Wed May 20 18:43:39 +0000 2020,1263178592172810242,"Moderna Chairman responds to controversy surrounding COVID-19 vaccine trial data.
$MRNA @moderna_tx #coronavirus https://t.co/MFZ6bfVptO"
120,Wed May 20 19:07:55 +0000 2020,1263184697967943680,RT @avoiceforchoice: From @RobertKennedyJr: @moderna_tx stock drops after COVID-19 vaccine trial showed a 20% serious injury rate (medical‚Ä¶
121,Wed May 20 20:02:50 +0000 2020,1263198519457992704,@BillGates @moderna_tx  https://t.co/VZCjgCtiaw  Remember! RNA IS WHAT GOT US INTO TROUBLE IN THE FIRST PLACE!
122,Wed May 20 20:18:50 +0000 2020,1263202545662660613,RT @trendcrop: .@moderna_tx said neutralising antibodies were found in the people who took part in their safety trials.And the immune respo‚Ä¶
123,Wed May 20 20:29:01 +0000 2020,1263205106012565505,"@BloombergTV @FerroTV God help u #Moderna @moderna_tx 
+ @Harvard @HarvardHealth 
if you're playing people for a fo‚Ä¶ https://t.co/HN4Wtt8VmD"
124,Wed May 20 20:29:31 +0000 2020,1263205233150263296,"RT @MadeinMenlo: @BloombergTV @FerroTV God help u #Moderna @moderna_tx 
+ @Harvard @HarvardHealth 
if you're playing people for a fool
duri‚Ä¶"
125,Wed May 20 20:48:58 +0000 2020,1263210128595021824,"RT @Kenricward: @GOPLeader @louiedadawg @moderna_tx Gates Foundation gave $20 million to Moderna, which is developing a COVID vaccine. Monc‚Ä¶"
126,Wed May 20 21:06:08 +0000 2020,1263214450057916416,"RT @PowerLunch: Moderna Chairman responds to controversy surrounding COVID-19 vaccine trial data.
$MRNA @moderna_tx #coronavirus https://t.‚Ä¶"
127,Wed May 20 21:58:54 +0000 2020,1263227728591011841,"Fascinating to know that @moderna_tx, at the forefront of #Covid_19 vaccine research, is right in your own backyard https://t.co/nqUoBLLdsa"
128,Wed May 20 22:32:17 +0000 2020,1263236129622540289,.@moderna_tx #Covid_19 #Vaccine Whiplash Demands Better Disclosure #compliance #pharma https://t.co/5d7l6VjI9J https://t.co/YYLL37flwK
129,Wed May 20 23:31:58 +0000 2020,1263251148837982208,"RT @MariaBartiromo: .#breaking : ceo of @moderna_tx just told me #stephaneBancel ""has the go ahead for phase 2 for #Covid_19 vaccine any da‚Ä¶"
130,Thu May 21 01:15:07 +0000 2020,1263277106105999360,The #COVID19 vaccine trial by @moderna_tx shows promising preliminary results. The project sponsored by‚Ä¶ https://t.co/5EDVsouQev
131,Thu May 21 07:00:58 +0000 2020,1263364141755928577,@ScienceNews Mostly vaccines take 6-10 years in the development alone. If #covid19 vaccine gets ready in couple of‚Ä¶ https://t.co/4AK8GIp3jE
132,Thu May 21 07:20:44 +0000 2020,1263369118427774977,.@moderna_tx is on track to advance its COVID-19 vaccine candidate mRNA-1273 into Phase II &amp; Phase III trials‚Ä¶ https://t.co/SubRczkbeW
133,Thu May 21 07:52:02 +0000 2020,1263376992319287296,"@GOPLeader @EricTrump @moderna_tx @GOPLeader LIE to US. Actual Scientists state ""IF we're lucky, maybe a year to 18‚Ä¶ https://t.co/44wdzPDfRw"
134,Thu May 21 12:16:32 +0000 2020,1263443559283294208,"RT @THEAlleyeceeing: Moncef  Slaoui was named ‚Äúchief scientist‚Äù for Trump‚Äôs ‚ÄúOperation Warp Speed,‚Äù a COVID-19 vaccine development op. He o‚Ä¶"
135,Thu May 21 13:52:21 +0000 2020,1263467672374829058,What @moderna_tx did not tell us https://t.co/fjheQkFGeH via @ConversationUS
136,Thu May 21 14:53:40 +0000 2020,1263483102984318978,"Bayh-Dole is fueling the R&amp;D into several #COVID19 therapies, including @GileadSciences' #remdesivir (‚Ä¶ https://t.co/cfoMEbaQ3s"
137,Thu May 21 17:09:37 +0000 2020,1263517313795452930,RT @TimesOfE: The #COVID19 vaccine trial by @moderna_tx shows promising preliminary results. The project sponsored by @NoubarAfeyan of @Fla‚Ä¶
138,Thu May 21 17:18:20 +0000 2020,1263519506401390592,"The Holes in That Big COVID-19 Vaccine Announcement.

TRUMP @FoxNews @GOP ‚ò†Ô∏èüá∫üá∏‚Äôs

@moderna_tx @VP @FdA @nytimes‚Ä¶ https://t.co/ZcAc5xi8iD"
139,Thu May 21 18:19:01 +0000 2020,1263534779795898368,"üá®üá≠ @LonzaGroup ready to produce hundreds of millions #COVID19 vaccine this year, if trials continue to prove succes‚Ä¶ https://t.co/kOheitBZYH"
140,Thu May 21 18:45:25 +0000 2020,1263541422348795906,"RT @HofSwitzerland: üá®üá≠ @LonzaGroup ready to produce hundreds of millions #COVID19 vaccine this year, if trials continue to prove successful‚Ä¶"
141,Fri May 22 13:02:38 +0000 2020,1263817546551177216,Biotech firm @Moderna_tx announced promising results from the 1st phase of its COVID-19 vaccine trial. Some experts‚Ä¶ https://t.co/8JLAysGrCI
142,Fri May 22 14:54:09 +0000 2020,1263845609469104128,"#Fauci is confident U.S. could have a #coronavirus #vaccine by #December
@moderna_tx Moderna's early COVID-19 vacci‚Ä¶ https://t.co/dB9ulri5M4"
143,Fri May 22 16:33:19 +0000 2020,1263870565422469121,RT @PNS_News: Biotech firm @Moderna_tx announced promising results from the 1st phase of its COVID-19 vaccine trial. Some experts consideri‚Ä¶
144,Fri May 22 17:30:00 +0000 2020,1263884832368504833,"People moves in pharma and healthcare marketing this week:

- @CallyKate named head of social media at @evokekyne
-‚Ä¶ https://t.co/uw3h6hRCa4"
145,Fri May 22 17:55:49 +0000 2020,1263891331153383426,"without sharing the actual data, some vaccine experts are telling @RLCscienceboss that @moderna_tx's COVID-19 vacci‚Ä¶ https://t.co/FQ6FJzZBMh"
146,Fri May 22 18:52:22 +0000 2020,1263905560560308229,@HealthPolicyW @TheLancet @moderna_tx @nextstrain @NIAIDNews @mvankerkhove @DrMikeRyan @DrTedros @FLAHAULT‚Ä¶ https://t.co/EUloFbyEWp
147,Fri May 22 20:14:37 +0000 2020,1263926260893433858,"AS @moderna_tx's #COVID19 VACCINE TAKES THE LEAD, ITS CHIEF MEDICAL OFFICER‚ÄôS RECENT PROMOTION OF ‚ÄúGENE-EDITING VAC‚Ä¶ https://t.co/2djyglwFuP"
148,Fri May 22 23:47:09 +0000 2020,1263979744493797377,"RT @ABCMundial: #Fauci is confident U.S. could have a #coronavirus #vaccine by #December
@moderna_tx Moderna's early COVID-19 vaccine data,‚Ä¶"
149,Sat May 23 02:58:53 +0000 2020,1264027994730856449,"6/ Other reasons for &gt;1 Covid vaccine: 1) need billions of doses, so useful to have &gt;1 company producing them; 2)‚Ä¶ https://t.co/WRrLeWmoqT"
150,Sat May 23 04:09:37 +0000 2020,1264045796141477890,@FrankLuntz @moderna_tx I will never be deceived to even consider a vaccine in these end of days from people that w‚Ä¶ https://t.co/y03STY7w0E
151,Sat May 23 04:20:27 +0000 2020,1264048523277983744,WeekAtWork: @moderna_tx Reports Positive Interim Phase I Results for #COVID19 Vaccine.... @GENbio: https://t.co/ybZNN4YxAn
152,Sat May 23 09:28:36 +0000 2020,1264126072397926400,RT @ElsTorreele: Could it be that stock value and financial gains rather than robust evidence have become the primary goals of vaccine rese‚Ä¶
153,Sat May 23 15:55:05 +0000 2020,1264223335535259648,. @moderna_tx Reports Positive Interim Phase I Results for #COVID19 Vaccine https://t.co/eXevP0Sdqi https://t.co/j9e87zE2Y2
154,Sat May 23 16:01:18 +0000 2020,1264224899817709570,"Early results are positive as @moderna_tx works to create a #covid19 vaccine, according to this story from‚Ä¶ https://t.co/xRvT8x3cwr"
155,Sat May 23 17:43:52 +0000 2020,1264250709710524416,RT @GENbio: . @moderna_tx Reports Positive Interim Phase I Results for #COVID19 Vaccine https://t.co/eXevP0Sdqi https://t.co/j9e87zE2Y2
156,Sat May 23 18:00:59 +0000 2020,1264255016925265920,"Swiss company @LonzaGroup is ready to produce hundreds of millions #COVID19 vaccine this year, if trials continue t‚Ä¶ https://t.co/H2KcTZqTSe"
157,Sat May 23 18:14:50 +0000 2020,1264258504258453511,"RT @FlagshipPioneer: LISTEN to @FortuneMagazine podcast interview with 
@NoubarAfeyan on @moderna_tx 's promising COVID-19 clinical trial r‚Ä¶"
158,Sat May 23 20:21:29 +0000 2020,1264290374648057860,"RT @SwissCGNY: Swiss company @LonzaGroup is ready to produce hundreds of millions #COVID19 vaccine this year, if trials continue to prove s‚Ä¶"
159,Sat May 23 22:33:00 +0000 2020,1264323473570217984,"RT @Bob_Wachter: 6/ Other reasons for &gt;1 Covid vaccine: 1) need billions of doses, so useful to have &gt;1 company producing them; 2) @moderna‚Ä¶"
